id;name;description;address;piece_jointe;piece_jointe_content_type
1;Intelligent Cotton Gloves frame deposit;infrastructure microchip;payment Ergonomic;../fake-data/blob/hipster.png;image/png
2;red Credit Card Account Ergonomic;withdrawal;Belarussian Ruble circuit Borders;../fake-data/blob/hipster.png;image/png
3;e-business;Summit Quality-focused;bus Open-source;../fake-data/blob/hipster.png;image/png
4;violet multimedia granular;paradigms;Customer ADP;../fake-data/blob/hipster.png;image/png
5;Avon;Sharable;Creative;../fake-data/blob/hipster.png;image/png
6;overriding cross-platform;generate Money Market Account CFP Franc;Mountains virtual;../fake-data/blob/hipster.png;image/png
7;Falls Self-enabling;Bike Parkway Croatia;Compatible;../fake-data/blob/hipster.png;image/png
8;Global capacitor Jamaican Dollar;optimize;New York Garden;../fake-data/blob/hipster.png;image/png
9;Global Chicken Executive;Street;Generic Forward eyeballs;../fake-data/blob/hipster.png;image/png
10;robust;TCP;invoice parse;../fake-data/blob/hipster.png;image/png
