id;name;nickname;size;date_of_birth;hair_color;shoe_size;description;photo;photo_content_type
1;Alaska;Cotton Garden Home Loan Account;89018;2021-02-28T14:28:24;BROWN;11579;Gibraltar Pound Fantastic;../fake-data/blob/hipster.png;image/png
2;out-of-the-box;5th generation Intelligent;54340;2021-02-28T06:41:05;OTHER;76948;time-frame;../fake-data/blob/hipster.png;image/png
3;invoice;Personal Loan Account Wyoming Shoes;45647;2021-02-28T07:25:11;UNKNOWN;4118;invoice;../fake-data/blob/hipster.png;image/png
4;Kyrgyz Republic Towels Florida;interactive override monetize;43666;2021-02-28T00:18:13;WHITE;54913;Unbranded Avon Home Loan Account;../fake-data/blob/hipster.png;image/png
5;Burundi;cyan green;64145;2021-02-28T04:15:24;RED;55605;dedicated wireless;../fake-data/blob/hipster.png;image/png
6;Via Road;Consultant Kids world-class;63943;2021-02-28T13:47:35;BROWN;76567;Frozen;../fake-data/blob/hipster.png;image/png
7;Associate;Credit Card Account;5014;2021-02-28T20:50:01;BROWN;760;magenta synthesizing;../fake-data/blob/hipster.png;image/png
8;fuchsia;Avon;24591;2021-02-28T02:46:08;OTHER;73182;Tennessee;../fake-data/blob/hipster.png;image/png
9;Customizable Refined Concrete Table Cote d'Ivoire;Games;90628;2021-02-28T17:44:39;OTHER;7154;Gloves customized Cedi;../fake-data/blob/hipster.png;image/png
10;Ball Ergonomic Frozen Towels haptic;ADP;4566;2021-02-28T12:13:26;RED;53790;port Associate;../fake-data/blob/hipster.png;image/png
